tail_number,latitude,longitude,altitude,heading,speed,fuel,timestamp
AAA001,34.742072,-117.469851,1283,60.1,25,0.999,2025-01-01T09:34:15
AAA001,34.748553,-117.476218,1283,321.1,25,0.998,2025-01-01T09:35:13.130527
AAA001,34.754116,-117.485552,1283,306.0,25,0.997,2025-01-01T09:36:11.261053
AAA001,34.757251,-117.497582,1283,287.6,25,0.996,2025-01-01T09:37:09.391580
AAA001,34.758737,-117.51117,1283,277.6,25,0.995,2025-01-01T09:38:07.522106
AAA001,34.758424,-117.526319,1283,268.6,25,0.994,2025-01-01T09:39:05.652633
AAA001,34.756705,-117.542889,1283,262.8,25,0.993,2025-01-01T09:40:03.783160
AAA001,34.753342,-117.560699,1283,257.1,25,0.992,2025-01-01T09:41:01.913686
AAA001,34.74862,-117.579178,1283,252.7,25,0.991,2025-01-01T09:42:00.044213
AAA001,34.741806,-117.59764,1283,245.8,25,0.99,2025-01-01T09:42:58.174739
AAA001,34.734079,-117.616214,1283,243.2,25,0.989,2025-01-01T09:43:56.305266
AAA001,34.725158,-117.633854,1283,238.4,25,0.988,2025-01-01T09:44:54.435792
AAA001,34.715411,-117.650005,1283,233.7,25,0.987,2025-01-01T09:45:52.566319
AAA001,34.70438,-117.664351,1283,226.9,25,0.986,2025-01-01T09:46:50.696846
AAA001,34.693151,-117.676857,1283,222.5,25,0.985,2025-01-01T09:47:48.827372
AAA001,34.682056,-117.686754,1283,216.3,25,0.984,2025-01-01T09:48:46.957899
AAA001,34.671138,-117.693982,1283,208.6,25,0.983,2025-01-01T09:49:45.088425
AAA001,34.660913,-117.699064,1283,202.2,25,0.982,2025-01-01T09:50:43.218952
AAA001,34.650635,-117.701324,1283,190.3,25,0.981,2025-01-01T09:51:41.349479
AAA001,34.641272,-117.7003,1283,174.9,25,0.98,2025-01-01T09:52:39.480005
AAA001,34.633011,-117.696706,1283,160.3,25,0.979,2025-01-01T09:53:37.610532
AAA001,34.62629,-117.690183,1283,141.4,25,0.978,2025-01-01T09:54:35.741058
AAA001,34.620916,-117.681422,1283,126.7,25,0.977,2025-01-01T09:55:33.871585
AAA001,34.617049,-117.669788,1283,112.0,25,0.976,2025-01-01T09:56:32.002111
AAA001,34.615402,-117.656078,1283,98.3,25,0.975,2025-01-01T09:57:30.132638
AAA001,34.615371,-117.640485,1283,90.1,25,0.974,2025-01-01T09:58:28.263165
AAA001,34.616708,-117.623938,1283,84.4,25,0.973,2025-01-01T09:59:26.393691
AAA001,34.62012,-117.605848,1283,77.1,25,0.972,2025-01-01T10:00:24.524218
AAA001,34.625205,-117.587144,1283,71.7,25,0.971,2025-01-01T10:01:22.654744
AAA001,34.632218,-117.568872,1283,65.0,25,0.97,2025-01-01T10:02:20.785271
AAA001,34.640489,-117.550513,1283,61.3,25,0.969,2025-01-01T10:03:18.915798
AAA001,34.649277,-117.533435,1283,58.0,25,0.968,2025-01-01T10:04:17.046324
AAA001,34.659561,-117.517129,1283,52.5,25,0.967,2025-01-01T10:05:15.176851
AAA001,34.67033,-117.502731,1283,47.7,25,0.966,2025-01-01T10:06:13.307377
AAA001,34.681773,-117.490116,1283,42.2,25,0.965,2025-01-01T10:07:11.437904
AAA001,34.692642,-117.480262,1283,36.7,25,0.964,2025-01-01T10:08:09.568431
AAA001,34.703697,-117.47238,1283,30.4,25,0.963,2025-01-01T10:09:07.698957
AAA001,34.714197,-117.467339,1283,21.5,25,0.962,2025-01-01T10:10:05.829484
AAA001,34.724009,-117.465303,1283,9.7,25,0.961,2025-01-01T10:11:03.960010
AAA001,34.733119,-117.466324,1283,354.7,25,0.96,2025-01-01T10:12:02.090537
AAA001,34.741232,-117.470494,1283,337.1,25,0.959,2025-01-01T10:13:00.221063
AAA001,34.748235,-117.476967,1283,322.8,25,0.958,2025-01-01T10:13:58.351590
AAA001,34.753008,-117.486562,1283,301.2,25,0.957,2025-01-01T10:14:56.482117
AAA001,34.756948,-117.497854,1283,293.0,25,0.956,2025-01-01T10:15:54.612643
AAA001,34.758413,-117.511407,1283,277.5,25,0.955,2025-01-01T10:16:52.743170
AAA001,34.758047,-117.526569,1283,268.3,25,0.954,2025-01-01T10:17:50.873696
AAA001,34.756703,-117.543042,1283,264.3,25,0.953,2025-01-01T10:18:49.004223
AAA001,34.753004,-117.560437,1283,255.5,25,0.952,2025-01-01T10:19:47.134750
AAA001,34.747634,-117.579355,1283,250.9,25,0.951,2025-01-01T10:20:45.265276
AAA001,34.740689,-117.597732,1283,245.3,25,0.95,2025-01-01T10:21:43.395803
AAA001,34.733143,-117.615498,1283,242.7,25,0.949,2025-01-01T10:22:41.526329
AAA001,34.724396,-117.63237,1283,237.8,25,0.948,2025-01-01T10:23:39.656856
AAA001,34.714628,-117.648143,1283,233.0,25,0.947,2025-01-01T10:24:37.787382
AAA001,34.703904,-117.662279,1283,227.3,25,0.946,2025-01-01T10:25:35.917909
AAA001,34.693049,-117.675045,1283,224.0,25,0.945,2025-01-01T10:26:34.048436
AAA001,34.681827,-117.685022,1283,216.2,25,0.944,2025-01-01T10:27:32.178962
AAA001,34.670997,-117.692219,1283,208.7,25,0.943,2025-01-01T10:28:30.309489
AAA001,34.660811,-117.696773,1283,200.2,25,0.942,2025-01-01T10:29:28.440015
AAA001,34.650718,-117.698822,1283,189.5,25,0.941,2025-01-01T10:30:26.570542
AAA001,34.641495,-117.698082,1283,176.2,25,0.94,2025-01-01T10:31:24.701069
AAA001,34.633438,-117.694759,1283,161.3,25,0.939,2025-01-01T10:32:22.831595
AAA001,34.627164,-117.68844,1283,140.4,25,0.938,2025-01-01T10:33:20.962122
AAA001,34.621538,-117.678958,1283,125.8,25,0.937,2025-01-01T10:34:19.092648
AAA001,34.617849,-117.667372,1283,111.1,25,0.936,2025-01-01T10:35:17.223175
AAA001,34.616159,-117.653859,1283,98.6,25,0.935,2025-01-01T10:36:15.353702
AAA001,34.615906,-117.638561,1283,91.1,25,0.934,2025-01-01T10:37:13.484228
AAA001,34.617269,-117.621453,1283,84.5,25,0.933,2025-01-01T10:38:11.614755
AAA001,34.620683,-117.603603,1283,76.9,25,0.932,2025-01-01T10:39:09.745281
AAA001,34.625474,-117.585388,1283,72.3,25,0.931,2025-01-01T10:40:07.875808
AAA001,34.631827,-117.566847,1283,67.4,25,0.93,2025-01-01T10:41:06.006334
AAA001,34.639329,-117.548991,1283,62.9,25,0.929,2025-01-01T10:42:04.136861
AAA001,34.648664,-117.531793,1283,56.6,25,0.928,2025-01-01T10:43:02.267388
AAA001,34.658724,-117.515316,1283,53.4,25,0.927,2025-01-01T10:44:00.397914
AAA001,34.669326,-117.501199,1283,47.6,25,0.926,2025-01-01T10:44:58.528441
AAA001,34.680184,-117.488366,1283,44.2,25,0.925,2025-01-01T10:45:56.658967
AAA001,34.69173,-117.477744,1283,37.1,25,0.924,2025-01-01T10:46:54.789494
AAA001,34.702981,-117.470235,1283,28.8,25,0.923,2025-01-01T10:47:52.920021
AAA001,34.713771,-117.465397,1283,20.2,25,0.922,2025-01-01T10:48:51.050547
AAA001,34.723702,-117.463213,1283,10.2,25,0.921,2025-01-01T10:49:49.181074
AAA001,34.732982,-117.463778,1283,357.1,25,0.92,2025-01-01T10:50:47.311600
AAA001,34.741436,-117.467054,1283,342.3,25,0.919,2025-01-01T10:51:45.442127
AAA001,34.747735,-117.474061,1283,317.6,25,0.918,2025-01-01T10:52:43.572653
AAA001,34.752804,-117.483607,1283,302.9,25,0.917,2025-01-01T10:53:41.703180
AAA001,34.756247,-117.495012,1283,290.2,25,0.916,2025-01-01T10:54:39.833707
AAA001,34.758408,-117.508623,1283,280.9,25,0.915,2025-01-01T10:55:37.964233
AAA001,34.758551,-117.523725,1283,270.7,25,0.914,2025-01-01T10:56:36.094760
AAA001,34.756566,-117.540571,1283,261.8,25,0.913,2025-01-01T10:57:34.225286
AAA001,34.75271,-117.558787,1283,255.6,25,0.912,2025-01-01T10:58:32.355813
AAA001,34.747515,-117.577677,1283,251.5,25,0.911,2025-01-01T10:59:30.486340
AAA001,34.741014,-117.595937,1283,246.6,25,0.91,2025-01-01T11:00:28.616866
AAA001,34.733585,-117.614552,1283,244.1,25,0.909,2025-01-01T11:01:26.747393
AAA001,34.724384,-117.632008,1283,237.3,25,0.908,2025-01-01T11:02:24.877919
AAA001,34.714189,-117.648012,1283,232.2,25,0.907,2025-01-01T11:03:23.008446
AAA001,34.70381,-117.662834,1283,229.6,25,0.906,2025-01-01T11:04:21.138973
AAA001,34.692389,-117.675235,1283,221.8,25,0.905,2025-01-01T11:05:19.269499
AAA001,34.681273,-117.68577,1283,217.9,25,0.904,2025-01-01T11:06:17.400026
AAA001,34.670698,-117.693358,1283,210.5,25,0.903,2025-01-01T11:07:15.530552
AAA001,34.66047,-117.698409,1283,202.1,25,0.902,2025-01-01T11:08:13.661079
AAA001,34.650469,-117.700373,1283,189.2,25,0.901,2025-01-01T11:09:11.791605
AAA001,34.641046,-117.699558,1283,175.9,25,0.9,2025-01-01T11:10:09.922132
AAA001,34.633301,-117.696144,1283,160.1,25,0.899,2025-01-01T11:11:08.052659
AAA001,34.626413,-117.6899,1283,143.3,25,0.898,2025-01-01T11:12:06.183185
AAA001,34.621503,-117.681176,1283,124.4,25,0.897,2025-01-01T11:13:04.313712
AAA001,34.618452,-117.669364,1283,107.4,25,0.896,2025-01-01T11:14:02.444238
AAA001,34.616783,-117.655407,1283,98.3,25,0.895,2025-01-01T11:15:00.574765
AAA001,34.617196,-117.639964,1283,88.1,25,0.894,2025-01-01T11:15:58.705292
AAA001,34.618766,-117.623311,1283,83.5,25,0.893,2025-01-01T11:16:56.835818
AAA001,34.622061,-117.605504,1283,77.3,25,0.892,2025-01-01T11:17:54.966345
AAA001,34.627188,-117.587337,1283,71.1,25,0.891,2025-01-01T11:18:53.096871
AAA001,34.633599,-117.569136,1283,66.8,25,0.89,2025-01-01T11:19:51.227398
AAA001,34.641505,-117.551139,1283,61.9,25,0.889,2025-01-01T11:20:49.357924
AAA001,34.650116,-117.533578,1283,59.2,25,0.888,2025-01-01T11:21:47.488451
AAA001,34.660278,-117.517271,1283,52.8,25,0.887,2025-01-01T11:22:45.618978
AAA001,34.670433,-117.50252,1283,50.1,25,0.886,2025-01-01T11:23:43.749504
AAA001,34.681281,-117.490198,1283,43.0,25,0.885,2025-01-01T11:24:41.880031
AAA001,34.69235,-117.480198,1283,36.6,25,0.884,2025-01-01T11:25:40.010557
AAA001,34.703353,-117.472252,1283,30.7,25,0.883,2025-01-01T11:26:38.141084
AAA001,34.714034,-117.466939,1283,22.2,25,0.882,2025-01-01T11:27:36.271611
AAA001,34.724325,-117.464576,1283,10.7,25,0.881,2025-01-01T11:28:34.402137
AAA001,34.733177,-117.465528,1283,354.9,25,0.88,2025-01-01T11:29:32.532664
AAA001,34.741604,-117.468794,1283,342.3,25,0.879,2025-01-01T11:30:30.663190
AAA001,34.747861,-117.475748,1283,317.6,25,0.878,2025-01-01T11:31:28.793717
AAA001,34.752797,-117.484913,1283,303.2,25,0.877,2025-01-01T11:32:26.924243
AAA001,34.755932,-117.49696,1283,287.6,25,0.876,2025-01-01T11:33:25.054770
AAA001,34.758085,-117.510629,1283,280.9,25,0.875,2025-01-01T11:34:23.185297
AAA001,34.757945,-117.525854,1283,269.4,25,0.874,2025-01-01T11:35:21.315823
AAA001,34.75634,-117.54302,1283,263.5,25,0.873,2025-01-01T11:36:19.446350
AAA001,34.753175,-117.56075,1283,257.7,25,0.872,2025-01-01T11:37:17.576876
AAA001,34.748068,-117.578887,1283,251.1,25,0.871,2025-01-01T11:38:15.707403
AAA001,34.741088,-117.597316,1283,245.3,25,0.87,2025-01-01T11:39:13.837930
AAA001,34.733588,-117.615514,1283,243.4,25,0.869,2025-01-01T11:40:11.968456
AAA001,34.724444,-117.632929,1283,237.4,25,0.868,2025-01-01T11:41:10.098983
AAA001,34.715004,-117.648564,1283,233.7,25,0.867,2025-01-01T11:42:08.229509
AAA001,34.704667,-117.662559,1283,228.1,25,0.866,2025-01-01T11:43:06.360036
AAA001,34.69406,-117.675153,1283,224.3,25,0.865,2025-01-01T11:44:04.490563
AAA001,34.682563,-117.685827,1283,217.4,25,0.864,2025-01-01T11:45:02.621089
AAA001,34.671689,-117.693481,1283,210.1,25,0.863,2025-01-01T11:46:00.751616
AAA001,34.660658,-117.698108,1283,199.0,25,0.862,2025-01-01T11:46:58.882142
AAA001,34.650713,-117.700438,1283,190.9,25,0.861,2025-01-01T11:47:57.012669
AAA001,34.641178,-117.699767,1283,176.7,25,0.86,2025-01-01T11:48:55.143195
AAA001,34.633421,-117.696297,1283,159.8,25,0.859,2025-01-01T11:49:53.273722
AAA001,34.62664,-117.689764,1283,141.6,25,0.858,2025-01-01T11:50:51.404249
AAA001,34.621838,-117.680982,1283,123.6,25,0.857,2025-01-01T11:51:49.534775
AAA001,34.618261,-117.669588,1283,110.9,25,0.856,2025-01-01T11:52:47.665302
AAA001,34.616025,-117.656235,1283,101.5,25,0.855,2025-01-01T11:53:45.795828
AAA001,34.616142,-117.641067,1283,89.5,25,0.854,2025-01-01T11:54:43.926355
AAA001,34.61761,-117.624292,1283,83.9,25,0.853,2025-01-01T11:55:42.056882
AAA001,34.620952,-117.606145,1283,77.4,25,0.852,2025-01-01T11:56:40.187408
AAA001,34.626306,-117.587687,1283,70.6,25,0.851,2025-01-01T11:57:38.317935
AAA001,34.632702,-117.569437,1283,66.9,25,0.85,2025-01-01T11:58:36.448461
AAA001,34.640506,-117.550965,1283,62.8,25,0.849,2025-01-01T11:59:34.578988
AAA001,34.649244,-117.533762,1283,58.3,25,0.848,2025-01-01T12:00:32.709514
AAA001,34.659208,-117.51755,1283,53.2,25,0.847,2025-01-01T12:01:30.840041
AAA001,34.670293,-117.503338,1283,46.5,25,0.846,2025-01-01T12:02:28.970568
AAA001,34.681269,-117.491274,1283,42.1,25,0.845,2025-01-01T12:03:27.101094
AAA001,34.692061,-117.48098,1283,38.1,25,0.844,2025-01-01T12:04:25.231621
AAA001,34.703209,-117.473257,1283,29.7,25,0.843,2025-01-01T12:05:23.362147
AAA001,34.713698,-117.46799,1283,22.4,25,0.842,2025-01-01T12:06:21.492674
AAA001,34.723327,-117.465915,1283,10.0,25,0.841,2025-01-01T12:07:19.623201
AAA001,34.732397,-117.467097,1283,353.9,25,0.84,2025-01-01T12:08:17.753727
AAA001,34.740723,-117.470408,1283,341.9,25,0.839,2025-01-01T12:09:15.884254
AAA002,34.742849,-117.469984,1283,59.7,25,0.999,2025-01-01T09:58:56
AAA002,34.74945,-117.476137,1283,322.5,25,0.998,2025-01-01T09:59:54.130527
AAA002,34.754655,-117.485035,1283,305.5,25,0.997,2025-01-01T10:00:52.261053
AAA002,34.758512,-117.497098,1283,291.3,25,0.996,2025-01-01T10:01:50.391580
AAA002,34.760134,-117.510359,1283,278.5,25,0.995,2025-01-01T10:02:48.522106
AAA002,34.760502,-117.525647,1283,271.7,25,0.994,2025-01-01T10:03:46.652633
AAA002,34.758447,-117.542659,1283,261.6,25,0.993,2025-01-01T10:04:44.783160
AAA002,34.75538,-117.560801,1283,258.4,25,0.992,2025-01-01T10:05:42.913686
AAA002,34.750337,-117.579101,1283,251.5,25,0.991,2025-01-01T10:06:41.044213
AAA002,34.743393,-117.597507,1283,245.3,25,0.99,2025-01-01T10:07:39.174739
AAA002,34.735303,-117.615948,1283,241.9,25,0.989,2025-01-01T10:08:37.305266
AAA002,34.725905,-117.633751,1283,237.3,25,0.988,2025-01-01T10:09:35.435792
AAA002,34.715964,-117.649649,1283,232.7,25,0.987,2025-01-01T10:10:33.566319
AAA002,34.705584,-117.664508,1283,229.6,25,0.986,2025-01-01T10:11:31.696846
AAA002,34.694891,-117.677037,1283,223.9,25,0.985,2025-01-01T10:12:29.827372
AAA002,34.683689,-117.68729,1283,217.0,25,0.984,2025-01-01T10:13:27.957899
AAA002,34.672727,-117.695015,1283,210.1,25,0.983,2025-01-01T10:14:26.088425
AAA002,34.66218,-117.699828,1283,200.6,25,0.982,2025-01-01T10:15:24.218952
AAA002,34.652487,-117.701865,1283,189.8,25,0.981,2025-01-01T10:16:22.349479
AAA002,34.643481,-117.700988,1283,175.4,25,0.98,2025-01-01T10:17:20.480005
AAA002,34.635774,-117.696957,1283,156.7,25,0.979,2025-01-01T10:18:18.610532
AAA002,34.629482,-117.690423,1283,139.5,25,0.978,2025-01-01T10:19:16.741058
AAA002,34.624182,-117.680953,1283,124.2,25,0.977,2025-01-01T10:20:14.871585
AAA002,34.620298,-117.669493,1283,112.4,25,0.976,2025-01-01T10:21:13.002111
AAA002,34.618193,-117.6559,1283,100.7,25,0.975,2025-01-01T10:22:11.132638
AAA002,34.618192,-117.640839,1283,90.0,25,0.974,2025-01-01T10:23:09.263165
AAA002,34.619855,-117.62396,1283,83.2,25,0.973,2025-01-01T10:24:07.393691
AAA002,34.623463,-117.6065,1283,75.9,25,0.972,2025-01-01T10:25:05.524218
AAA002,34.628546,-117.588432,1283,71.1,25,0.971,2025-01-01T10:26:03.654744
AAA002,34.634902,-117.569435,1283,67.9,25,0.97,2025-01-01T10:27:01.785271
AAA002,34.642292,-117.551158,1283,63.8,25,0.969,2025-01-01T10:27:59.915798
AAA002,34.651497,-117.53351,1283,57.6,25,0.968,2025-01-01T10:28:58.046324
AAA002,34.66121,-117.517421,1283,53.7,25,0.967,2025-01-01T10:29:56.176851
AAA002,34.671509,-117.502952,1283,49.1,25,0.966,2025-01-01T10:30:54.307377
AAA002,34.682149,-117.490876,1283,43.0,25,0.965,2025-01-01T10:31:52.437904
AAA002,34.693301,-117.480587,1283,37.2,25,0.964,2025-01-01T10:32:50.568431
AAA002,34.704076,-117.47295,1283,30.2,25,0.963,2025-01-01T10:33:48.698957
AAA002,34.714992,-117.467746,1283,21.4,25,0.962,2025-01-01T10:34:46.829484
AAA002,34.725493,-117.46569,1283,9.1,25,0.961,2025-01-01T10:35:44.960010
AAA002,34.734262,-117.466268,1283,356.9,25,0.96,2025-01-01T10:36:43.090537
AAA002,34.742419,-117.469903,1283,339.9,25,0.959,2025-01-01T10:37:41.221063
AAA002,34.749343,-117.476881,1283,320.4,25,0.958,2025-01-01T10:38:39.351590
AAA002,34.75433,-117.485658,1283,304.7,25,0.957,2025-01-01T10:39:37.482117
AAA002,34.757622,-117.496922,1283,289.6,25,0.956,2025-01-01T10:40:35.612643
AAA002,34.759397,-117.510499,1283,279.0,25,0.955,2025-01-01T10:41:33.743170
AAA002,34.759699,-117.525803,1283,271.4,25,0.954,2025-01-01T10:42:31.873696
AAA002,34.757978,-117.542332,1283,262.8,25,0.953,2025-01-01T10:43:30.004223
AAA002,34.755007,-117.560691,1283,258.9,25,0.952,2025-01-01T10:44:28.134750
AAA002,34.750371,-117.579135,1283,253.0,25,0.951,2025-01-01T10:45:26.265276
AAA002,34.744073,-117.597768,1283,247.6,25,0.95,2025-01-01T10:46:24.395803
AAA002,34.736154,-117.615833,1283,241.9,25,0.949,2025-01-01T10:47:22.526329
AAA002,34.727596,-117.633213,1283,239.1,25,0.948,2025-01-01T10:48:20.656856
AAA002,34.71743,-117.649344,1283,232.5,25,0.947,2025-01-01T10:49:18.787382
AAA002,34.707176,-117.663772,1283,229.2,25,0.946,2025-01-01T10:50:16.917909
AAA002,34.696202,-117.676078,1283,222.7,25,0.945,2025-01-01T10:51:15.048436
AAA002,34.684999,-117.686011,1283,216.1,25,0.944,2025-01-01T10:52:13.178962
AAA002,34.673552,-117.694092,1283,210.1,25,0.943,2025-01-01T10:53:11.309489
AAA002,34.662647,-117.698981,1283,200.2,25,0.942,2025-01-01T10:54:09.440015
AAA002,34.652292,-117.700734,1283,187.9,25,0.941,2025-01-01T10:55:07.570542
AAA002,34.642912,-117.700336,1283,178.0,25,0.94,2025-01-01T10:56:05.701069
AAA002,34.635156,-117.696735,1283,159.1,25,0.939,2025-01-01T10:57:03.831595
AAA002,34.628834,-117.690199,1283,139.6,25,0.938,2025-01-01T10:58:01.962122
AAA002,34.624125,-117.680693,1283,121.0,25,0.937,2025-01-01T10:59:00.092648
AAA002,34.620195,-117.66923,1283,112.6,25,0.936,2025-01-01T10:59:58.223175
AAA002,34.6185,-117.655762,1283,98.7,25,0.935,2025-01-01T11:00:56.353702
AAA002,34.618894,-117.640292,1283,88.2,25,0.934,2025-01-01T11:01:54.484228
AAA002,34.620152,-117.623355,1283,84.8,25,0.933,2025-01-01T11:02:52.614755
AAA002,34.623124,-117.605494,1283,78.6,25,0.932,2025-01-01T11:03:50.745281
AAA002,34.627791,-117.586693,1283,73.2,25,0.931,2025-01-01T11:04:48.875808
AAA002,34.634516,-117.56828,1283,66.1,25,0.93,2025-01-01T11:05:47.006334
AAA002,34.642625,-117.550494,1283,61.0,25,0.929,2025-01-01T11:06:45.136861
AAA002,34.651662,-117.533297,1283,57.4,25,0.928,2025-01-01T11:07:43.267388
AAA002,34.661761,-117.517392,1283,52.3,25,0.927,2025-01-01T11:08:41.397914
AAA002,34.672497,-117.502537,1283,48.7,25,0.926,2025-01-01T11:09:39.528441
AAA002,34.683362,-117.490081,1283,43.3,25,0.925,2025-01-01T11:10:37.658967
AAA002,34.694649,-117.480286,1283,35.5,25,0.924,2025-01-01T11:11:35.789494
AAA002,34.705664,-117.472881,1283,28.9,25,0.923,2025-01-01T11:12:33.920021
AAA002,34.716323,-117.46835,1283,19.3,25,0.922,2025-01-01T11:13:32.050547
AAA002,34.726636,-117.465999,1283,10.6,25,0.921,2025-01-01T11:14:30.181074
AAA002,34.735907,-117.467139,1283,354.2,25,0.92,2025-01-01T11:15:28.311600
AAA002,34.743425,-117.470475,1283,340.0,25,0.919,2025-01-01T11:16:26.442127
AAA002,34.7501,-117.477295,1283,320.0,25,0.918,2025-01-01T11:17:24.572653
AAA002,34.755246,-117.48596,1283,305.9,25,0.917,2025-01-01T11:18:22.703180
AAA002,34.759087,-117.497844,1283,291.5,25,0.916,2025-01-01T11:19:20.833707
AAA002,34.760726,-117.511416,1283,278.4,25,0.915,2025-01-01T11:20:18.964233
AAA002,34.761137,-117.526941,1283,271.9,25,0.914,2025-01-01T11:21:17.094760
AAA002,34.759682,-117.543844,1283,264.0,25,0.913,2025-01-01T11:22:15.225286
AAA002,34.756577,-117.56218,1283,258.4,25,0.912,2025-01-01T11:23:13.355813
AAA002,34.751814,-117.580673,1283,252.6,25,0.911,2025-01-01T11:24:11.486340
AAA002,34.74539,-117.598945,1283,246.8,25,0.91,2025-01-01T11:25:09.616866
AAA002,34.737518,-117.616934,1283,242.0,25,0.909,2025-01-01T11:26:07.747393
AAA002,34.728692,-117.634473,1283,238.5,25,0.908,2025-01-01T11:27:05.877919
AAA002,34.718271,-117.650154,1283,231.0,25,0.907,2025-01-01T11:28:04.008446
AAA002,34.707634,-117.664435,1283,227.8,25,0.906,2025-01-01T11:29:02.138973
AAA002,34.696963,-117.676941,1283,223.9,25,0.905,2025-01-01T11:30:00.269499
AAA002,34.685553,-117.687022,1283,216.0,25,0.904,2025-01-01T11:30:58.400026
AAA002,34.674523,-117.694952,1283,210.6,25,0.903,2025-01-01T11:31:56.530552
AAA002,34.664202,-117.700289,1283,203.0,25,0.902,2025-01-01T11:32:54.661079
AAA002,34.653773,-117.701866,1283,187.1,25,0.901,2025-01-01T11:33:52.791605
AAA002,34.645152,-117.701473,1283,177.9,25,0.9,2025-01-01T11:34:50.922132
AAA002,34.63764,-117.69823,1283,160.4,25,0.899,2025-01-01T11:35:49.052659
AAA002,34.630695,-117.692108,1283,144.0,25,0.898,2025-01-01T11:36:47.183185
AAA002,34.625994,-117.682494,1283,120.7,25,0.897,2025-01-01T11:37:45.313712
AAA002,34.622262,-117.671403,1283,112.2,25,0.896,2025-01-01T11:38:43.444238
AAA002,34.620736,-117.658186,1283,98.0,25,0.895,2025-01-01T11:39:41.574765
AAA002,34.621075,-117.643178,1283,88.4,25,0.894,2025-01-01T11:40:39.705292
AAA002,34.622489,-117.626012,1283,84.3,25,0.893,2025-01-01T11:41:37.835818
AAA002,34.625453,-117.607914,1283,78.7,25,0.892,2025-01-01T11:42:35.966345
AAA002,34.630105,-117.58923,1283,73.2,25,0.891,2025-01-01T11:43:34.096871
AAA002,34.636697,-117.570246,1283,67.1,25,0.89,2025-01-01T11:44:32.227398
AAA002,34.644321,-117.552003,1283,63.1,25,0.889,2025-01-01T11:45:30.357924
AAA002,34.653408,-117.534312,1283,58.0,25,0.888,2025-01-01T11:46:28.488451
AAA002,34.663428,-117.517987,1283,53.3,25,0.887,2025-01-01T11:47:26.618978
AAA002,34.67439,-117.503162,1283,48.0,25,0.886,2025-01-01T11:48:24.749504
AAA002,34.685811,-117.490186,1283,43.1,25,0.885,2025-01-01T11:49:22.880031
AAA002,34.697432,-117.480188,1283,35.3,25,0.884,2025-01-01T11:50:21.010557
AAA002,34.70883,-117.472493,1283,29.0,25,0.883,2025-01-01T11:51:19.141084
AAA002,34.719139,-117.467122,1283,23.2,25,0.882,2025-01-01T11:52:17.271611
AAA002,34.729335,-117.46532,1283,8.3,25,0.881,2025-01-01T11:53:15.402137
AAA002,34.737965,-117.466569,1283,353.2,25,0.88,2025-01-01T11:54:13.532664
AAA002,34.74601,-117.470056,1283,340.4,25,0.879,2025-01-01T11:55:11.663190
AAA002,34.753042,-117.476447,1283,323.2,25,0.878,2025-01-01T11:56:09.793717
AAA002,34.75844,-117.485787,1283,305.1,25,0.877,2025-01-01T11:57:07.924243
AAA002,34.762143,-117.497303,1283,291.4,25,0.876,2025-01-01T11:58:06.054770
AAA002,34.76366,-117.511074,1283,277.6,25,0.875,2025-01-01T11:59:04.185297
AAA002,34.763807,-117.526475,1283,270.7,25,0.874,2025-01-01T12:00:02.315823
AAA002,34.762242,-117.542916,1283,263.4,25,0.873,2025-01-01T12:01:00.446350
AAA002,34.758956,-117.560452,1283,257.2,25,0.872,2025-01-01T12:01:58.576876
AAA002,34.753531,-117.579357,1283,250.7,25,0.871,2025-01-01T12:02:56.707403
AAA002,34.746911,-117.597867,1283,246.5,25,0.87,2025-01-01T12:03:54.837930
AAA002,34.739543,-117.615562,1283,243.1,25,0.869,2025-01-01T12:04:52.968456
AAA002,34.731006,-117.63332,1283,239.7,25,0.868,2025-01-01T12:05:51.098983
AAA002,34.721571,-117.64958,1283,234.8,25,0.867,2025-01-01T12:06:49.229509
AAA002,34.71088,-117.663693,1283,227.3,25,0.866,2025-01-01T12:07:47.360036
AAA002,34.699842,-117.675902,1283,222.3,25,0.865,2025-01-01T12:08:45.490563
AAA002,34.688381,-117.686426,1283,217.1,25,0.864,2025-01-01T12:09:43.621089
AAA002,34.677646,-117.693883,1283,209.7,25,0.863,2025-01-01T12:10:41.751616
AAA002,34.666854,-117.69861,1283,199.8,25,0.862,2025-01-01T12:11:39.882142
AAA002,34.65688,-117.70035,1283,188.2,25,0.861,2025-01-01T12:12:38.012669
AAA002,34.648209,-117.699974,1283,178.0,25,0.86,2025-01-01T12:13:36.143195
AAA002,34.640337,-117.696312,1283,159.1,25,0.859,2025-01-01T12:14:34.273722
AAA002,34.633623,-117.689719,1283,141.1,25,0.858,2025-01-01T12:15:32.404249
AAA002,34.628129,-117.680691,1283,126.5,25,0.857,2025-01-01T12:16:30.534775
AAA002,34.624309,-117.669066,1283,111.8,25,0.856,2025-01-01T12:17:28.665302
AAA002,34.622567,-117.655601,1283,98.9,25,0.855,2025-01-01T12:18:26.795828
AAA002,34.622661,-117.639839,1283,89.6,25,0.854,2025-01-01T12:19:24.926355
AAA002,34.624555,-117.623051,1283,82.2,25,0.853,2025-01-01T12:20:23.056882
AAA002,34.628233,-117.604814,1283,76.2,25,0.852,2025-01-01T12:21:21.187408
AAA002,34.633367,-117.58612,1283,71.5,25,0.851,2025-01-01T12:22:19.317935
AAA002,34.639519,-117.567729,1283,67.9,25,0.85,2025-01-01T12:23:17.448461
AAA002,34.647722,-117.549545,1283,61.3,25,0.849,2025-01-01T12:24:15.578988
AAA002,34.656447,-117.532621,1283,57.9,25,0.848,2025-01-01T12:25:13.709514
AAA002,34.666834,-117.516611,1283,51.7,25,0.847,2025-01-01T12:26:11.840041
AAA002,34.677159,-117.502101,1283,49.1,25,0.846,2025-01-01T12:27:09.970568
AAA002,34.688259,-117.489654,1283,42.7,25,0.845,2025-01-01T12:28:08.101094
AAA002,34.699193,-117.479842,1283,36.4,25,0.844,2025-01-01T12:29:06.231621
AAA002,34.710025,-117.472025,1283,30.7,25,0.843,2025-01-01T12:30:04.362147
AAA002,34.720545,-117.467381,1283,19.9,25,0.842,2025-01-01T12:31:02.492674
AAA002,34.730909,-117.465126,1283,10.1,25,0.841,2025-01-01T12:32:00.623201
AAA002,34.740486,-117.465655,1283,357.4,25,0.84,2025-01-01T12:32:58.753727
AAA002,34.748415,-117.469156,1283,340.1,25,0.839,2025-01-01T12:33:56.884254
AAA003,34.742682,-117.469751,1283,59.8,25,0.999,2025-01-01T09:54:09
AAA003,34.749378,-117.476224,1283,321.5,25,0.998,2025-01-01T09:55:07.130527
AAA003,34.754362,-117.485437,1283,303.4,25,0.997,2025-01-01T09:56:05.261053
AAA003,34.758206,-117.497362,1283,291.4,25,0.996,2025-01-01T09:57:03.391580
AAA003,34.760439,-117.51064,1283,281.6,25,0.995,2025-01-01T09:58:01.522106
AAA003,34.760615,-117.526118,1283,270.8,25,0.994,2025-01-01T09:58:59.652633
AAA003,34.759142,-117.543259,1283,264.0,25,0.993,2025-01-01T09:59:57.783160
AAA003,34.756007,-117.561422,1283,258.1,25,0.992,2025-01-01T10:00:55.913686
AAA003,34.751433,-117.579417,1283,252.8,25,0.991,2025-01-01T10:01:54.044213
AAA003,34.744932,-117.597915,1283,246.8,25,0.99,2025-01-01T10:02:52.174739
AAA003,34.737001,-117.616013,1283,241.9,25,0.989,2025-01-01T10:03:50.305266
AAA003,34.727975,-117.633844,1283,238.4,25,0.988,2025-01-01T10:04:48.435792
AAA003,34.717833,-117.649982,1283,232.6,25,0.987,2025-01-01T10:05:46.566319
AAA003,34.707059,-117.66466,1283,228.2,25,0.986,2025-01-01T10:06:44.696846
AAA003,34.69619,-117.676836,1283,222.6,25,0.985,2025-01-01T10:07:42.827372
AAA003,34.684678,-117.687453,1283,217.2,25,0.984,2025-01-01T10:08:40.957899
AAA003,34.673137,-117.695473,1283,209.8,25,0.983,2025-01-01T10:09:39.088425
AAA003,34.662511,-117.70036,1283,200.7,25,0.982,2025-01-01T10:10:37.218952
AAA003,34.652278,-117.702424,1283,189.4,25,0.981,2025-01-01T10:11:35.349479
AAA003,34.64289,-117.702044,1283,178.1,25,0.98,2025-01-01T10:12:33.480005
AAA003,34.635348,-117.697968,1283,156.0,25,0.979,2025-01-01T10:13:31.610532
AAA003,34.62864,-117.691703,1283,142.5,25,0.978,2025-01-01T10:14:29.741058
AAA003,34.623878,-117.682729,1283,122.8,25,0.977,2025-01-01T10:15:27.871585
AAA003,34.620538,-117.671341,1283,109.6,25,0.976,2025-01-01T10:16:26.002111
AAA003,34.618468,-117.658043,1283,100.7,25,0.975,2025-01-01T10:17:24.132638
AAA003,34.618296,-117.642508,1283,90.8,25,0.974,2025-01-01T10:18:22.263165
AAA003,34.62001,-117.625846,1283,82.9,25,0.973,2025-01-01T10:19:20.393691
AAA003,34.623342,-117.608032,1283,77.2,25,0.972,2025-01-01T10:20:18.524218
AAA003,34.628544,-117.59008,1283,70.6,25,0.971,2025-01-01T10:21:16.654744
AAA003,34.635309,-117.571829,1283,65.7,25,0.97,2025-01-01T10:22:14.785271
AAA003,34.642846,-117.553252,1283,63.7,25,0.969,2025-01-01T10:23:12.915798
AAA003,34.651422,-117.536315,1283,58.4,25,0.968,2025-01-01T10:24:11.046324
AAA003,34.661085,-117.519953,1283,54.3,25,0.967,2025-01-01T10:25:09.176851
AAA003,34.671449,-117.505423,1283,49.1,25,0.966,2025-01-01T10:26:07.307377
AAA003,34.682323,-117.493371,1283,42.3,25,0.965,2025-01-01T10:27:05.437904
AAA003,34.693566,-117.483121,1283,36.9,25,0.964,2025-01-01T10:28:03.568431
AAA003,34.704612,-117.475673,1283,29.0,25,0.963,2025-01-01T10:29:01.698957
AAA003,34.715116,-117.470334,1283,22.7,25,0.962,2025-01-01T10:29:59.829484
AAA003,34.724661,-117.467769,1283,12.5,25,0.961,2025-01-01T10:30:57.960010
AAA003,34.733283,-117.468797,1283,354.4,25,0.96,2025-01-01T10:31:56.090537
AAA003,34.741205,-117.472991,1283,336.5,25,0.959,2025-01-01T10:32:54.221063
AAA003,34.747631,-117.479786,1283,319.0,25,0.958,2025-01-01T10:33:52.351590
AAA003,34.752973,-117.489013,1283,305.2,25,0.957,2025-01-01T10:34:50.482117
AAA003,34.75688,-117.500216,1283,293.0,25,0.956,2025-01-01T10:35:48.612643
AAA003,34.758701,-117.513727,1283,279.3,25,0.955,2025-01-01T10:36:46.743170
AAA003,34.758378,-117.529402,1283,268.6,25,0.954,2025-01-01T10:37:44.873696
AAA003,34.756352,-117.545855,1283,261.5,25,0.953,2025-01-01T10:38:43.004223
AAA003,34.753125,-117.563737,1283,257.6,25,0.952,2025-01-01T10:39:41.134750
AAA003,34.748108,-117.58219,1283,251.7,25,0.951,2025-01-01T10:40:39.265276
AAA003,34.741844,-117.600542,1283,247.4,25,0.95,2025-01-01T10:41:37.395803
AAA003,34.734381,-117.618293,1283,242.9,25,0.949,2025-01-01T10:42:35.526329
AAA003,34.724887,-117.635905,1283,236.7,25,0.948,2025-01-01T10:43:33.656856
AAA003,34.71518,-117.651818,1283,233.4,25,0.947,2025-01-01T10:44:31.787382
AAA003,34.704689,-117.666717,1283,229.4,25,0.946,2025-01-01T10:45:29.917909
AAA003,34.693164,-117.678733,1283,220.6,25,0.945,2025-01-01T10:46:28.048436
AAA003,34.681907,-117.689208,1283,217.4,25,0.944,2025-01-01T10:47:26.178962
AAA003,34.67052,-117.696619,1283,208.2,25,0.943,2025-01-01T10:48:24.309489
AAA003,34.660344,-117.701657,1283,202.2,25,0.942,2025-01-01T10:49:22.440015
AAA003,34.649889,-117.704015,1283,190.5,25,0.941,2025-01-01T10:50:20.570542
AAA003,34.640478,-117.703206,1283,176.0,25,0.94,2025-01-01T10:51:18.701069
AAA003,34.632029,-117.699733,1283,161.3,25,0.939,2025-01-01T10:52:16.831595
AAA003,34.624906,-117.693113,1283,142.6,25,0.938,2025-01-01T10:53:14.962122
AAA003,34.620009,-117.684324,1283,124.1,25,0.937,2025-01-01T10:54:13.092648
AAA003,34.616784,-117.672951,1283,109.0,25,0.936,2025-01-01T10:55:11.223175
AAA003,34.614734,-117.659054,1283,100.2,25,0.935,2025-01-01T10:56:09.353702
AAA003,34.614512,-117.643216,1283,91.0,25,0.934,2025-01-01T10:57:07.484228
AAA003,34.616036,-117.626113,1283,83.8,25,0.933,2025-01-01T10:58:05.614755
AAA003,34.619322,-117.608605,1283,77.1,25,0.932,2025-01-01T10:59:03.745281
AAA003,34.624705,-117.590522,1283,70.1,25,0.931,2025-01-01T11:00:01.875808
AAA003,34.631556,-117.572213,1283,65.5,25,0.93,2025-01-01T11:01:00.006334
AAA003,34.639788,-117.553572,1283,61.8,25,0.929,2025-01-01T11:01:58.136861
AAA003,34.648357,-117.535826,1283,59.6,25,0.928,2025-01-01T11:02:56.267388
AAA003,34.657988,-117.519415,1283,54.5,25,0.927,2025-01-01T11:03:54.397914
AAA003,34.668951,-117.505156,1283,46.9,25,0.926,2025-01-01T11:04:52.528441
AAA003,34.679676,-117.492511,1283,44.1,25,0.925,2025-01-01T11:05:50.658967
AAA003,34.691,-117.482501,1283,36.0,25,0.924,2025-01-01T11:06:48.789494
AAA003,34.702539,-117.474343,1283,30.2,25,0.923,2025-01-01T11:07:46.920021
AAA003,34.713258,-117.469358,1283,20.9,25,0.922,2025-01-01T11:08:45.050547
AAA003,34.722831,-117.467176,1283,10.6,25,0.921,2025-01-01T11:09:43.181074
AAA003,34.731613,-117.467768,1283,356.8,25,0.92,2025-01-01T11:10:41.311600
AAA003,34.739811,-117.471104,1283,341.5,25,0.919,2025-01-01T11:11:39.442127
AAA003,34.746304,-117.477939,1283,319.1,25,0.918,2025-01-01T11:12:37.572653
AAA003,34.751241,-117.487154,1283,303.1,25,0.917,2025-01-01T11:13:35.703180
AAA003,34.754959,-117.499183,1283,290.6,25,0.916,2025-01-01T11:14:33.833707
AAA003,34.757082,-117.513199,1283,280.5,25,0.915,2025-01-01T11:15:31.964233
AAA003,34.757125,-117.528981,1283,270.2,25,0.914,2025-01-01T11:16:30.094760
AAA003,34.755702,-117.545539,1283,264.0,25,0.913,2025-01-01T11:17:28.225286
AAA003,34.752133,-117.563384,1283,256.3,25,0.912,2025-01-01T11:18:26.355813
AAA003,34.746703,-117.581415,1283,249.9,25,0.911,2025-01-01T11:19:24.486340
AAA003,34.740436,-117.59945,1283,247.1,25,0.91,2025-01-01T11:20:22.616866
AAA003,34.732095,-117.617387,1283,240.5,25,0.909,2025-01-01T11:21:20.747393
AAA003,34.723234,-117.634936,1283,238.4,25,0.908,2025-01-01T11:22:18.877919
AAA003,34.713296,-117.651416,1283,233.7,25,0.907,2025-01-01T11:23:17.008446
AAA003,34.702875,-117.665906,1283,228.8,25,0.906,2025-01-01T11:24:15.138973
AAA003,34.692039,-117.678909,1283,224.6,25,0.905,2025-01-01T11:25:13.269499
AAA003,34.680849,-117.688837,1283,216.1,25,0.904,2025-01-01T11:26:11.400026
AAA003,34.669879,-117.696275,1283,209.1,25,0.903,2025-01-01T11:27:09.530552
AAA003,34.659195,-117.701023,1283,200.1,25,0.902,2025-01-01T11:28:07.661079
AAA003,34.649014,-117.702822,1283,188.3,25,0.901,2025-01-01T11:29:05.791605
AAA003,34.640142,-117.702434,1283,177.9,25,0.9,2025-01-01T11:30:03.922132
AAA003,34.632509,-117.698773,1283,158.5,25,0.899,2025-01-01T11:31:02.052659
AAA003,34.625455,-117.691796,1283,140.9,25,0.898,2025-01-01T11:32:00.183185
AAA003,34.620117,-117.682483,1283,124.9,25,0.897,2025-01-01T11:32:58.313712
AAA003,34.617014,-117.670694,1283,107.7,25,0.896,2025-01-01T11:33:56.444238
AAA003,34.615235,-117.656722,1283,98.8,25,0.895,2025-01-01T11:34:54.574765
AAA003,34.614699,-117.641443,1283,92.4,25,0.894,2025-01-01T11:35:52.705292
AAA003,34.616822,-117.624937,1283,81.1,25,0.893,2025-01-01T11:36:50.835818
AAA003,34.619979,-117.606699,1283,78.1,25,0.892,2025-01-01T11:37:48.966345
AAA003,34.624747,-117.588343,1283,72.5,25,0.891,2025-01-01T11:38:47.096871
AAA003,34.631398,-117.569573,1283,66.7,25,0.89,2025-01-01T11:39:45.227398
AAA003,34.639376,-117.551697,1283,61.5,25,0.889,2025-01-01T11:40:43.357924
AAA003,34.64842,-117.533855,1283,58.4,25,0.888,2025-01-01T11:41:41.488451
AAA003,34.658313,-117.517473,1283,53.7,25,0.887,2025-01-01T11:42:39.618978
AAA003,34.668738,-117.503165,1283,48.5,25,0.886,2025-01-01T11:43:37.749504
AAA003,34.680198,-117.491094,1283,40.9,25,0.885,2025-01-01T11:44:35.880031
AAA003,34.691135,-117.481056,1283,37.0,25,0.884,2025-01-01T11:45:34.010557
AAA003,34.702685,-117.473218,1283,29.2,25,0.883,2025-01-01T11:46:32.141084
AAA003,34.713004,-117.46855,1283,20.4,25,0.882,2025-01-01T11:47:30.271611
AAA003,34.723043,-117.466436,1283,9.8,25,0.881,2025-01-01T11:48:28.402137
AAA003,34.732434,-117.466956,1283,357.4,25,0.88,2025-01-01T11:49:26.532664
AAA003,34.740299,-117.470953,1283,337.3,25,0.879,2025-01-01T11:50:24.663190
AAA003,34.747375,-117.477618,1283,322.3,25,0.878,2025-01-01T11:51:22.793717
AAA003,34.752404,-117.486817,1283,303.6,25,0.877,2025-01-01T11:52:20.924243
AAA003,34.756038,-117.498429,1283,290.9,25,0.876,2025-01-01T11:53:19.054770
AAA003,34.758265,-117.511843,1283,281.4,25,0.875,2025-01-01T11:54:17.185297
AAA003,34.75827,-117.527156,1283,270.0,25,0.874,2025-01-01T11:55:15.315823
AAA003,34.756932,-117.543565,1283,264.3,25,0.873,2025-01-01T11:56:13.446350
AAA003,34.753576,-117.561597,1283,257.2,25,0.872,2025-01-01T11:57:11.576876
AAA003,34.748801,-117.579707,1283,252.2,25,0.871,2025-01-01T11:58:09.707403
AAA003,34.742332,-117.598088,1283,246.8,25,0.87,2025-01-01T11:59:07.837930
AAA003,34.734684,-117.616051,1283,242.6,25,0.869,2025-01-01T12:00:05.968456
AAA003,34.725202,-117.633323,1283,236.3,25,0.868,2025-01-01T12:01:04.098983
AAA003,34.715672,-117.649452,1283,234.3,25,0.867,2025-01-01T12:02:02.229509
AAA003,34.705514,-117.663775,1283,229.2,25,0.866,2025-01-01T12:03:00.360036
AAA003,34.694234,-117.676314,1283,222.4,25,0.865,2025-01-01T12:03:58.490563
AAA003,34.683303,-117.68668,1283,217.9,25,0.864,2025-01-01T12:04:56.621089
AAA003,34.672204,-117.694008,1283,208.5,25,0.863,2025-01-01T12:05:54.751616
AAA003,34.661308,-117.698922,1283,200.4,25,0.862,2025-01-01T12:06:52.882142
AAA003,34.651719,-117.701137,1283,190.8,25,0.861,2025-01-01T12:07:51.012669
AAA003,34.643086,-117.700721,1283,177.7,25,0.86,2025-01-01T12:08:49.143195
AAA003,34.635382,-117.696622,1283,156.4,25,0.859,2025-01-01T12:09:47.273722
AAA003,34.629172,-117.689982,1283,138.7,25,0.858,2025-01-01T12:10:45.404249
AAA003,34.623678,-117.680945,1283,126.5,25,0.857,2025-01-01T12:11:43.534775
AAA003,34.619954,-117.669012,1283,110.8,25,0.856,2025-01-01T12:12:41.665302
AAA003,34.61768,-117.655202,1283,101.3,25,0.855,2025-01-01T12:13:39.795828
AAA003,34.61799,-117.640217,1283,88.6,25,0.854,2025-01-01T12:14:37.926355
AAA003,34.620155,-117.623782,1283,80.9,25,0.853,2025-01-01T12:15:36.056882
AAA003,34.623327,-117.605587,1283,78.0,25,0.852,2025-01-01T12:16:34.187408
AAA003,34.628188,-117.58732,1283,72.1,25,0.851,2025-01-01T12:17:32.317935
AAA003,34.634643,-117.568928,1283,66.9,25,0.85,2025-01-01T12:18:30.448461
AAA003,34.642592,-117.551188,1283,61.4,25,0.849,2025-01-01T12:19:28.578988
AAA003,34.65193,-117.533849,1283,56.8,25,0.848,2025-01-01T12:20:26.709514
AAA003,34.662035,-117.518109,1283,52.0,25,0.847,2025-01-01T12:21:24.840041
AAA003,34.672895,-117.503281,1283,48.3,25,0.846,2025-01-01T12:22:22.970568
AAA003,34.683714,-117.490457,1283,44.3,25,0.845,2025-01-01T12:23:21.101094
AAA003,34.694969,-117.480732,1283,35.4,25,0.844,2025-01-01T12:24:19.231621
AAA003,34.705679,-117.473103,1283,30.3,25,0.843,2025-01-01T12:25:17.362147
AAA003,34.7162,-117.468184,1283,21.0,25,0.842,2025-01-01T12:26:15.492674
AAA003,34.726651,-117.46605,1283,9.5,25,0.841,2025-01-01T12:27:13.623201
AAA003,34.735826,-117.466894,1283,355.7,25,0.84,2025-01-01T12:28:11.753727
AAA003,34.743712,-117.47063,1283,338.7,25,0.839,2025-01-01T12:29:09.884254
